{"cameraMode":{"drawMode":0,"name":"Shaded","section":"Shading Mode"},"sceneLighting":false,"audioPlay":false,"sceneViewState":{"showFog":false,"showMaterialUpdate":false,"showSkybox":false,"showFlares":false,"showImageEffects":false,"showParticleSystems":false},"in2DMode":false,"pivot":{"x":0.05000000074505806,"y":-0.09000000357627869,"z":0.8999999761581421},"rotation":{"x":-0.2485489547252655,"y":-0.33459219336509707,"z":0.09191656857728958,"w":-0.9043355584144592},"size":0.05833631008863449,"orthographic":true}