{"cameraMode":{"drawMode":0,"name":"Shaded","section":"Shading Mode"},"sceneLighting":false,"audioPlay":false,"sceneViewState":{"showFog":false,"showMaterialUpdate":false,"showSkybox":false,"showFlares":false,"showImageEffects":false,"showParticleSystems":false},"in2DMode":false,"pivot":{"x":0.8882936239242554,"y":-0.13466286659240724,"z":0.06428112834692002},"rotation":{"x":0.13383199274539948,"y":-0.6966965794563294,"z":0.13478893041610719,"w":0.6917621493339539},"size":8.800726890563965,"orthographic":true}