{"cameraMode":{"drawMode":0,"name":"Shaded","section":"Shading Mode"},"sceneLighting":false,"audioPlay":false,"sceneViewState":{"showFog":true,"showMaterialUpdate":false,"showSkybox":true,"showFlares":true,"showImageEffects":true,"showParticleSystems":true},"in2DMode":false,"pivot":{"x":-26.705463409423829,"y":2.2395317554473879,"z":-9.766334533691407},"rotation":{"x":-0.026692256331443788,"y":-0.8276036977767944,"z":-0.03949911892414093,"w":0.5592848658561707},"size":30.23784637451172,"orthographic":false}