{"cameraMode":{"drawMode":0,"name":"Shaded","section":"Shading Mode"},"sceneLighting":false,"audioPlay":false,"sceneViewState":{"showFog":true,"showMaterialUpdate":false,"showSkybox":true,"showFlares":true,"showImageEffects":true,"showParticleSystems":true},"in2DMode":false,"pivot":{"x":-0.013473973609507084,"y":0.029350191354751588,"z":1.862645149230957e-8},"rotation":{"x":-0.026692256331443788,"y":-0.8276036977767944,"z":-0.03949911892414093,"w":0.5592848658561707},"size":0.582844614982605,"orthographic":false}