{"cameraMode":{"drawMode":0,"name":"Shaded","section":"Shading Mode"},"sceneLighting":false,"audioPlay":false,"sceneViewState":{"showFog":true,"showMaterialUpdate":false,"showSkybox":true,"showFlares":true,"showImageEffects":true,"showParticleSystems":true},"in2DMode":false,"pivot":{"x":-1.8790783882141114,"y":1.4109902381896973,"z":-0.22119486331939698},"rotation":{"x":0.06442785263061524,"y":0.028443777933716775,"z":0.0018363185226917267,"w":-0.9975152611732483},"size":1.182844638824463,"orthographic":false}