{"cameraMode":{"drawMode":0,"name":"Shaded","section":"Shading Mode"},"sceneLighting":false,"audioPlay":false,"sceneViewState":{"showFog":true,"showMaterialUpdate":false,"showSkybox":true,"showFlares":true,"showImageEffects":true,"showParticleSystems":true},"in2DMode":false,"pivot":{"x":0.03867420554161072,"y":0.2981652021408081,"z":-0.36552509665489199},"rotation":{"x":0.3666808307170868,"y":0.3777630031108856,"z":-0.1661277562379837,"w":0.8338116407394409},"size":0.8035222887992859,"orthographic":false}