{"cameraMode":{"drawMode":0,"name":"Shaded","section":"Shading Mode"},"sceneLighting":false,"audioPlay":false,"sceneViewState":{"showFog":false,"showMaterialUpdate":false,"showSkybox":false,"showFlares":false,"showImageEffects":false,"showParticleSystems":false},"in2DMode":false,"pivot":{"x":-0.009821414947509766,"y":1.499999761581421,"z":-0.5153446197509766},"rotation":{"x":-0.12190897017717362,"y":0.7862180471420288,"z":-0.164377361536026,"w":-0.5830776691436768},"size":11.13998794555664,"orthographic":true}