{"cameraMode":{"drawMode":0,"name":"Shaded","section":"Shading Mode"},"sceneLighting":false,"audioPlay":false,"sceneViewState":{"showFog":true,"showMaterialUpdate":false,"showSkybox":true,"showFlares":true,"showImageEffects":true,"showParticleSystems":true},"in2DMode":false,"pivot":{"x":-0.8361715078353882,"y":-0.1950395107269287,"z":-0.12726783752441407},"rotation":{"x":0.08850526064634323,"y":-0.06480446457862854,"z":0.005769728217273951,"w":0.9939486980438232},"size":10.531169891357422,"orthographic":false}