{"cameraMode":{"drawMode":0,"name":"Shaded","section":"Shading Mode"},"sceneLighting":false,"audioPlay":false,"sceneViewState":{"showFog":true,"showMaterialUpdate":false,"showSkybox":true,"showFlares":true,"showImageEffects":true,"showParticleSystems":true},"in2DMode":false,"pivot":{"x":-0.05000000074505806,"y":-0.09000000357627869,"z":0.8999999761581421},"rotation":{"x":-0.2198524922132492,"y":-0.6333498358726502,"z":0.19446183741092683,"w":-0.7160429954528809},"size":0.05833631008863449,"orthographic":false}