{"cameraMode":{"drawMode":0,"name":"Shaded","section":"Shading Mode"},"sceneLighting":false,"audioPlay":false,"sceneViewState":{"showFog":false,"showMaterialUpdate":false,"showSkybox":false,"showFlares":false,"showImageEffects":false,"showParticleSystems":false},"in2DMode":false,"pivot":{"x":1.36899995803833,"y":3.3435261249542238,"z":4.1633501052856449},"rotation":{"x":0.09924589097499848,"y":0.684519350528717,"z":-0.09483178704977036,"w":0.7159543037414551},"size":8.055937767028809,"orthographic":true}