{"cameraMode":{"drawMode":0,"name":"Shaded","section":"Shading Mode"},"sceneLighting":false,"audioPlay":false,"sceneViewState":{"showFog":false,"showMaterialUpdate":false,"showSkybox":false,"showFlares":false,"showImageEffects":false,"showParticleSystems":false},"in2DMode":false,"pivot":{"x":-11.011982917785645,"y":6.578449726104736,"z":14.093334197998047},"rotation":{"x":-0.0007036593742668629,"y":-0.9981433749198914,"z":0.05517067387700081,"w":-0.025796405971050264},"size":17.161752700805665,"orthographic":true}