{"cameraMode":{"drawMode":0,"name":"Shaded","section":"Shading Mode"},"sceneLighting":false,"audioPlay":false,"sceneViewState":{"showFog":true,"showMaterialUpdate":false,"showSkybox":true,"showFlares":true,"showImageEffects":true,"showParticleSystems":true},"in2DMode":false,"pivot":{"x":0.0012160232290625573,"y":0.00012578070163726807,"z":0.004082953557372093},"rotation":{"x":0.17603349685668946,"y":-0.5428754687309265,"z":0.1175890788435936,"w":0.8126938939094544},"size":0.015691857784986497,"orthographic":false}