{"cameraMode":{"drawMode":0,"name":"Shaded","section":"Shading Mode"},"sceneLighting":false,"audioPlay":false,"sceneViewState":{"showFog":true,"showMaterialUpdate":false,"showSkybox":true,"showFlares":true,"showImageEffects":true,"showParticleSystems":true},"in2DMode":false,"pivot":{"x":0.001653425395488739,"y":0.01184093952178955,"z":0.0},"rotation":{"x":-0.010751034133136273,"y":-0.9537363648414612,"z":0.034350331872701648,"w":-0.2984820008277893},"size":0.42229634523391726,"orthographic":false}